No,X1 transaction date,X2 house age,X3 distance to the nearest MRT station,X4 number of convenience stores,X5 latitude,X6 longitude,Y house price of unit area
1,2013.01,8.11,1715.22,2,25.01,121.54,105.52
2,2013.54,23.74,1620.01,8,25.0,121.48,70.19
3,2013.34,38.24,5881.99,4,24.99,121.48,99.08
4,2013.22,32.07,1636.61,7,24.94,121.57,116.58
5,2012.81,35.33,1781.44,6,24.93,121.5,25.58
6,2012.81,28.85,4932.62,7,24.95,121.48,83.63
7,2012.72,30.32,2930.79,6,24.99,121.49,81.7
8,2013.46,37.19,5044.54,2,24.97,121.48,115.3
9,2013.22,10.94,445.95,1,24.97,121.51,115.92
10,2013.32,21.44,3175.35,6,25.01,121.55,83.07
11,2012.69,9.69,240.68,2,25.01,121.51,34.37
12,2013.56,43.26,428.41,2,25.01,121.51,95.36
13,2013.43,41.35,5883.17,1,24.96,121.54,19.36
14,2012.86,1.73,923.55,3,24.99,121.52,93.4
15,2012.83,30.9,3465.29,7,24.95,121.55,107.63
16,2012.83,40.53,2680.97,0,24.95,121.55,49.67
17,2012.95,7.91,2268.83,0,24.95,121.47,76.91
18,2013.15,24.88,5840.48,4,24.96,121.55,54.87
19,2013.06,40.1,164.46,10,24.97,121.52,55.71
20,2012.93,1.49,4314.54,4,25.0,121.56,41.71
21,2013.23,30.55,6251.38,10,24.94,121.52,91.36
22,2012.79,13.02,3644.67,0,24.99,121.56,110.49
23,2012.93,40.49,6079.6,5,24.98,121.54,110.99
24,2013.0,42.53,361.21,0,24.96,121.5,26.81
25,2013.08,41.36,2730.73,4,24.97,121.52,103.73
26,2013.39,20.77,1705.21,8,24.96,121.57,88.64
27,2012.85,37.76,4747.88,4,24.98,121.55,35.39
28,2013.14,36.99,6367.11,5,24.97,121.48,14.99
29,2013.21,13.98,1681.76,7,24.95,121.54,37.05
30,2012.71,36.31,4252.38,10,24.94,121.51,107.85
31,2013.22,1.62,1304.01,0,24.98,121.47,77.19
32,2012.82,26.12,3678.04,1,25.01,121.51,86.84
33,2012.73,10.07,3022.54,8,24.96,121.5,35.86
34,2013.54,5.28,6307.05,2,24.99,121.55,86.66
35,2013.55,3.37,3957.29,5,24.99,121.51,10.69
36,2013.41,30.5,2282.82,4,25.01,121.55,48.85
37,2012.95,14.89,760.97,10,25.0,121.47,76.48
38,2012.76,31.74,1001.14,1,24.98,121.5,23.66
39,2013.29,2.86,1479.98,6,24.99,121.5,98.05
40,2013.07,13.81,1645.79,3,25.01,121.5,33.43
41,2012.78,23.63,5522.31,0,24.97,121.48,79.29
42,2013.12,34.63,3651.49,3,24.96,121.49,52.13
43,2012.7,13.96,3406.92,5,24.93,121.53,73.11
44,2013.5,27.41,765.32,6,25.0,121.5,19.41
45,2012.9,38.81,5583.87,6,25.0,121.51,9.46
46,2013.27,26.97,4696.12,6,24.94,121.51,107.56
47,2012.95,10.2,460.83,2,24.98,121.55,37.23
48,2013.14,1.07,4599.28,5,24.97,121.56,97.68
49,2013.17,38.11,3537.16,7,24.94,121.52,117.43
50,2012.84,0.93,551.71,3,25.01,121.5,30.84
51,2013.56,38.31,2986.13,7,24.95,121.48,36.74
52,2013.38,23.17,3156.77,1,24.94,121.56,80.45
53,2013.53,41.13,1095.06,9,24.98,121.48,113.7
54,2013.49,34.99,6136.98,8,24.99,121.5,108.25
55,2013.21,43.71,5518.17,8,24.93,121.5,62.87
56,2013.51,15.36,4348.37,7,24.99,121.5,94.98
57,2012.75,33.6,3011.96,9,24.98,121.49,22.52
58,2012.85,17.6,2685.3,9,24.94,121.55,115.02
59,2012.71,21.02,4231.69,0,24.95,121.49,113.58
60,2012.97,27.48,3549.4,1,24.98,121.53,25.59
61,2013.02,38.27,425.96,5,24.96,121.49,40.51
62,2012.92,43.1,3336.53,9,25.01,121.48,18.61
63,2013.43,33.65,5236.49,4,25.0,121.56,37.46
64,2012.99,18.3,2992.2,8,25.01,121.49,97.27
65,2012.92,18.46,359.26,4,24.95,121.55,49.18
66,2013.16,32.31,5106.39,1,25.01,121.52,17.31
67,2012.8,10.46,1325.13,9,24.97,121.48,45.21
68,2013.4,4.84,1695.27,3,24.96,121.56,115.45
69,2012.74,15.53,1088.15,8,24.94,121.5,76.8
70,2013.57,12.58,2158.1,0,24.94,121.55,53.34
71,2013.37,12.98,4915.51,10,24.99,121.49,25.9
72,2012.85,10.23,3381.02,0,24.97,121.55,115.98
73,2012.67,1.84,1347.87,6,24.95,121.48,97.81
74,2013.41,0.78,5698.24,10,24.98,121.52,38.53
75,2013.31,43.26,5709.56,2,24.95,121.54,15.3
76,2013.33,18.74,5651.36,9,24.98,121.56,13.82
77,2013.37,16.83,1567.11,1,24.96,121.56,20.83
78,2012.73,29.77,2940.48,8,25.0,121.55,71.43
79,2013.0,9.56,6390.98,2,25.0,121.56,109.67
80,2012.77,41.61,5014.16,1,24.97,121.49,62.19
81,2013.46,34.44,199.01,7,24.96,121.5,100.24
82,2013.24,3.92,444.91,9,24.96,121.5,56.6
83,2012.97,18.29,3022.53,5,25.0,121.51,85.47
84,2012.73,38.51,5901.16,5,24.96,121.51,88.03
85,2012.95,41.38,3505.9,9,24.95,121.52,26.72
86,2012.96,20.47,3241.56,10,24.94,121.49,47.3
87,2013.34,26.87,705.23,6,24.97,121.54,77.64
88,2013.25,7.32,4269.23,6,24.97,121.49,15.37
89,2013.48,43.41,5337.98,10,25.0,121.5,47.33
90,2013.1,10.15,2482.66,5,24.95,121.52,66.37
91,2012.78,41.29,5037.43,3,24.96,121.55,117.09
92,2013.32,28.45,6258.38,10,25.0,121.54,59.75
93,2013.36,26.62,1340.66,8,25.0,121.53,97.28
94,2013.18,22.46,3406.52,5,24.96,121.49,55.08
95,2013.37,10.1,1879.63,3,24.97,121.52,95.12
96,2013.12,7.73,5148.9,2,24.96,121.48,73.04
97,2013.15,9.66,3757.32,3,25.01,121.51,105.04
98,2013.06,8.17,4125.73,2,24.94,121.51,52.76
99,2012.69,34.15,5181.61,1,25.01,121.48,74.01
100,2012.77,15.34,2583.19,4,24.99,121.5,76.84
101,2012.7,2.53,5939.11,1,24.98,121.56,53.47
102,2013.25,42.45,3469.22,5,24.93,121.56,23.46
103,2012.95,38.71,1044.5,2,24.97,121.51,17.88
104,2013.13,40.64,4522.12,5,24.97,121.48,9.43
105,2013.5,43.58,5151.53,10,24.95,121.49,103.6
106,2012.9,7.62,2071.13,9,24.99,121.51,33.59
107,2013.04,17.36,5564.74,8,25.01,121.56,30.84
108,2013.36,33.21,5881.27,0,24.98,121.49,88.49
109,2012.88,30.49,1813.47,5,24.99,121.54,42.77
110,2012.74,6.74,6381.49,8,24.94,121.48,63.21
111,2012.93,35.73,933.03,10,24.97,121.56,25.46
112,2012.81,9.83,1329.34,3,24.94,121.51,113.08
113,2013.52,9.8,1214.33,10,24.98,121.55,101.19
114,2013.41,23.52,5802.7,1,25.01,121.51,102.53
115,2013.25,25.97,4253.15,3,24.99,121.53,52.3
116,2013.47,25.41,1006.68,0,24.94,121.49,91.38
117,2013.4,4.01,2869.91,2,24.96,121.49,23.41
118,2012.84,38.43,4001.06,9,24.98,121.56,8.55
119,2013.48,11.63,562.95,8,24.97,121.56,9.8
120,2013.16,5.67,5727.89,9,25.0,121.56,72.07
121,2013.41,38.93,5218.39,4,25.0,121.53,57.65
122,2013.49,41.86,3289.36,10,24.98,121.55,64.53
123,2012.96,37.76,6275.51,5,24.96,121.48,8.42
124,2012.77,35.46,2724.06,2,24.95,121.5,54.05
125,2012.88,28.7,6385.3,4,24.94,121.5,86.52
126,2013.06,24.13,4341.24,10,24.96,121.53,56.25
127,2013.42,3.81,4126.3,7,24.97,121.51,88.07
128,2013.46,17.89,1096.22,5,24.99,121.49,33.21
129,2012.67,16.32,5724.73,3,24.99,121.53,96.96
130,2013.13,11.38,2786.95,1,24.94,121.55,72.27
131,2013.05,31.69,1072.16,8,24.96,121.51,30.76
132,2012.87,21.72,104.89,0,24.95,121.49,33.62
133,2012.78,3.55,3642.0,0,24.95,121.49,76.62
134,2012.98,9.64,3432.83,3,25.0,121.5,98.81
135,2013.53,29.93,4673.74,6,24.94,121.5,53.28
136,2012.96,3.33,5778.58,0,24.97,121.53,35.99
137,2013.14,37.28,536.72,8,24.95,121.53,102.88
138,2013.31,21.69,4752.24,3,25.0,121.54,81.15
139,2013.0,21.05,1234.93,2,24.98,121.51,56.84
140,2013.56,25.95,5571.19,0,24.95,121.55,61.22
141,2013.55,36.12,5318.33,9,24.97,121.49,30.05
142,2012.9,15.23,3519.42,3,24.99,121.52,76.49
143,2013.12,29.7,4614.85,8,25.01,121.55,47.03
144,2012.94,24.78,2055.54,9,24.95,121.49,117.02
145,2012.93,11.7,3069.31,5,25.01,121.48,60.37
146,2012.7,38.48,5334.97,5,25.01,121.56,61.0
147,2013.23,34.93,2992.37,0,25.01,121.51,69.79
148,2013.13,28.84,2336.42,9,24.98,121.54,108.35
149,2012.71,37.26,3218.29,1,24.98,121.48,95.61
150,2012.92,37.99,5377.71,10,24.97,121.54,57.18
151,2013.5,31.03,2190.38,5,24.99,121.5,86.59
152,2012.89,36.66,1146.69,1,24.98,121.48,72.03
153,2012.8,30.55,4626.3,2,24.99,121.53,61.71
154,2013.12,29.79,5363.03,3,24.97,121.5,28.74
155,2013.57,27.1,673.97,10,24.99,121.51,58.59
156,2012.89,32.97,1574.08,4,25.0,121.48,34.62
157,2013.28,6.95,941.18,8,24.94,121.49,108.14
158,2013.36,38.58,2272.7,3,25.0,121.5,44.46
159,2012.88,38.19,2934.74,10,24.98,121.48,112.25
160,2013.33,1.28,4864.27,8,25.0,121.56,66.18
161,2013.0,36.17,4232.82,10,24.97,121.47,77.01
162,2013.25,5.64,4037.46,9,24.96,121.52,67.27
163,2013.25,14.68,2301.36,2,25.01,121.49,21.82
164,2013.16,32.57,5463.04,7,24.95,121.5,48.9
165,2012.75,7.04,3070.08,0,25.0,121.56,18.5
166,2013.43,35.83,6352.94,10,24.97,121.49,76.06
167,2012.96,36.45,4122.88,8,24.97,121.56,56.71
168,2012.84,22.23,839.64,8,24.96,121.49,93.1
169,2012.7,0.28,4394.63,9,24.98,121.54,31.83
170,2013.21,12.57,2125.06,1,24.96,121.52,25.69
171,2013.29,27.02,4460.24,3,24.94,121.56,52.26
172,2012.68,42.98,473.59,7,24.95,121.52,109.43
173,2013.14,27.67,1153.93,6,24.93,121.52,85.68
174,2012.87,11.38,5555.41,0,25.01,121.49,53.64
175,2013.26,27.77,1492.02,4,25.01,121.49,64.45
176,2012.83,23.65,5434.55,6,24.96,121.56,16.86
177,2013.3,34.16,1828.8,3,24.99,121.5,115.8
178,2013.02,4.69,4179.38,0,24.96,121.51,80.84
179,2013.53,33.33,4510.82,8,24.99,121.54,38.97
180,2012.79,23.71,3337.51,4,25.0,121.51,71.98
181,2012.98,42.18,1997.11,10,25.01,121.56,19.63
182,2012.77,14.97,1398.05,1,24.97,121.54,113.75
183,2013.51,27.71,237.94,7,25.0,121.53,26.81
184,2013.47,40.82,1988.29,10,24.95,121.56,78.82
185,2012.9,4.49,4245.84,1,25.01,121.48,34.58
186,2013.27,41.05,6089.18,2,24.93,121.5,86.46
187,2013.42,30.13,5655.4,9,24.98,121.52,92.97
188,2013.18,2.97,4975.71,0,24.99,121.49,81.61
189,2013.15,13.18,5120.41,10,24.99,121.54,75.13
190,2012.89,31.02,4322.27,1,24.94,121.56,105.68
191,2012.75,2.95,1706.04,6,25.01,121.51,16.24
192,2013.49,25.5,5888.07,9,24.95,121.51,43.97
193,2013.49,15.15,4359.42,1,24.98,121.56,34.89
194,2013.25,27.2,3646.43,5,24.95,121.51,116.18
195,2012.98,2.0,740.89,2,24.96,121.52,50.39
196,2012.99,38.17,2913.44,3,24.98,121.51,88.11
197,2013.33,42.64,2999.43,10,24.97,121.56,82.85
198,2013.49,42.44,5612.47,7,24.95,121.53,30.91
199,2013.48,32.83,3557.27,2,24.95,121.54,33.87
200,2013.38,5.7,2482.53,9,24.97,121.55,38.51
201,2013.26,33.21,6338.04,5,24.99,121.51,52.78
202,2012.74,1.08,739.15,0,25.01,121.51,33.35
203,2012.82,0.97,2755.01,6,24.94,121.55,9.76
204,2013.49,14.17,295.06,7,24.96,121.51,104.25
205,2013.22,21.4,4806.6,10,24.94,121.55,113.72
206,2012.68,33.74,5958.42,7,24.93,121.56,45.14
207,2012.76,29.93,1833.72,2,24.99,121.53,44.8
208,2013.27,19.53,5572.25,9,24.98,121.54,8.38
209,2012.67,11.98,1912.47,0,24.95,121.55,82.36
210,2012.81,43.67,5911.18,8,24.95,121.55,98.32
211,2013.17,18.67,4897.47,5,24.93,121.51,23.71
212,2013.3,19.77,5226.81,10,25.0,121.48,25.15
213,2013.26,7.17,139.79,8,25.01,121.51,94.43
214,2012.87,34.81,6247.6,6,24.94,121.54,75.33
215,2013.32,30.38,4721.05,0,24.95,121.52,12.53
216,2012.88,9.67,1993.49,0,25.0,121.54,76.02
217,2012.97,3.61,5385.12,5,25.01,121.51,41.55
218,2013.35,29.81,1843.32,4,24.97,121.53,48.12
219,2013.26,28.67,5665.42,8,24.94,121.49,92.19
220,2013.44,11.97,751.17,1,24.94,121.54,96.72
221,2013.27,41.65,4572.46,7,24.98,121.52,51.6
222,2013.19,6.62,3518.8,10,24.96,121.49,111.69
223,2012.75,18.94,647.44,4,24.93,121.5,52.27
224,2013.0,41.33,1587.14,1,24.98,121.54,92.42
225,2012.91,18.38,103.57,9,24.93,121.52,60.78
226,2012.89,27.97,3053.8,10,25.0,121.49,106.24
227,2013.56,17.41,1970.95,10,24.96,121.56,107.36
228,2013.03,12.01,3891.55,5,24.94,121.54,17.21
229,2013.48,43.1,1944.92,9,24.98,121.56,110.52
230,2013.25,17.93,1962.25,7,24.97,121.51,98.33
231,2013.4,39.16,4827.86,3,25.01,121.52,94.57
232,2013.13,10.07,334.61,1,24.98,121.56,29.68
233,2013.2,9.33,5860.27,10,24.95,121.52,96.08
234,2013.12,1.36,5532.96,4,24.99,121.54,101.03
235,2012.85,28.54,4340.5,1,24.95,121.5,39.38
236,2013.33,16.14,3858.35,1,25.01,121.52,112.25
237,2012.92,37.86,5791.8,5,24.96,121.49,13.08
238,2012.69,20.73,1221.48,10,24.98,121.49,24.08
239,2013.26,42.41,533.89,9,24.94,121.47,66.68
240,2012.83,8.13,1571.73,8,24.97,121.48,70.88
241,2013.53,38.05,5160.04,3,25.0,121.56,78.5
242,2013.54,34.01,247.51,5,25.0,121.5,9.46
243,2013.51,33.77,3791.02,6,24.95,121.54,113.14
244,2013.01,37.0,6458.53,10,24.95,121.55,12.5
245,2012.68,33.33,5555.15,5,25.0,121.52,23.32
246,2013.52,27.43,3394.34,7,25.01,121.49,9.14
247,2013.06,5.75,434.8,3,24.94,121.54,69.9
248,2013.55,1.42,5397.91,0,24.97,121.53,110.06
249,2013.55,40.33,3895.56,6,24.96,121.54,80.79
250,2013.45,27.01,766.38,2,25.0,121.54,98.01
251,2012.94,34.89,630.14,5,24.94,121.56,9.06
252,2013.02,21.09,5903.79,1,24.95,121.53,67.17
253,2013.45,5.14,4349.52,8,24.99,121.51,58.11
254,2012.96,5.48,5384.42,0,24.94,121.53,62.44
255,2012.82,30.03,5705.66,5,24.97,121.48,15.54
256,2013.18,18.85,3719.68,5,24.97,121.56,82.82
257,2013.52,8.78,3368.49,4,24.96,121.48,62.9
258,2013.3,21.53,2805.94,4,24.96,121.5,91.69
259,2013.19,2.81,2072.33,0,24.98,121.55,60.93
260,2012.76,25.49,2832.89,9,24.95,121.53,24.02
261,2013.23,11.78,5026.23,4,24.98,121.51,78.84
262,2013.57,34.93,3914.6,1,25.0,121.52,26.55
263,2012.8,13.59,5793.22,6,25.0,121.55,103.48
264,2013.14,19.94,2889.67,2,24.94,121.51,74.98
265,2013.47,0.51,3948.0,3,24.94,121.55,24.88
266,2013.35,3.17,4104.56,2,24.95,121.48,113.36
267,2013.31,17.19,3848.49,2,24.96,121.55,64.57
268,2013.31,21.02,4565.66,3,24.97,121.55,15.61
269,2013.0,26.28,1558.3,4,24.99,121.49,76.49
270,2012.94,12.77,3335.63,0,24.94,121.51,35.43
271,2013.41,30.44,697.16,3,24.93,121.49,95.93
272,2013.41,37.67,2509.11,10,24.96,121.54,97.48
273,2013.46,34.16,3175.97,7,24.99,121.52,115.19
274,2013.5,1.74,4239.78,9,24.95,121.53,62.76
275,2013.14,21.05,6168.22,6,24.99,121.49,57.6
276,2013.13,4.6,3906.37,8,24.95,121.49,90.41
277,2013.4,10.6,4830.45,4,25.01,121.48,22.16
278,2013.26,43.22,3296.21,9,25.01,121.5,67.71
279,2013.31,6.24,4122.64,3,24.96,121.53,67.63
280,2013.4,21.85,481.93,7,24.95,121.55,17.43
281,2013.48,27.08,1667.93,8,24.97,121.54,53.54
282,2012.98,30.77,2362.63,6,24.95,121.51,101.38
283,2013.01,24.51,3077.88,6,24.99,121.56,101.69
284,2012.75,0.43,318.49,4,25.0,121.54,18.51
285,2013.2,14.3,928.59,3,24.99,121.56,17.57
286,2012.7,22.68,1812.89,9,25.0,121.52,36.47
287,2013.09,3.85,6303.99,0,24.96,121.5,103.74
288,2013.16,15.36,2165.42,9,24.94,121.48,21.77
289,2012.93,1.45,3139.6,9,24.99,121.54,86.73
290,2013.21,3.44,1291.08,6,24.96,121.49,18.72
291,2012.69,17.39,3971.86,0,24.99,121.5,76.08
292,2012.7,5.81,1837.9,0,24.95,121.52,46.73
293,2013.42,24.86,1361.52,4,24.94,121.53,94.3
294,2013.0,30.2,3362.84,8,25.01,121.53,33.28
295,2012.78,35.07,58.98,5,24.94,121.49,77.85
296,2013.15,8.77,72.93,2,25.01,121.51,33.5
297,2013.37,7.34,1439.58,2,25.01,121.53,86.03
298,2012.86,4.58,260.77,6,25.0,121.56,103.62
299,2013.24,27.88,721.73,5,24.99,121.54,21.54
300,2012.75,30.94,2213.99,8,24.98,121.56,102.84
301,2012.71,1.38,5211.81,5,25.0,121.54,72.83
302,2013.15,41.01,3721.47,4,24.96,121.53,21.57
303,2013.16,2.28,3337.59,9,24.97,121.49,54.59
304,2013.25,23.71,1920.68,6,24.98,121.54,25.28
305,2013.33,31.06,6046.83,0,24.97,121.53,84.57
306,2013.56,38.15,2589.94,6,24.97,121.53,91.0
307,2013.14,31.28,586.41,2,24.96,121.52,19.23
308,2012.96,35.12,4012.49,8,24.98,121.52,63.22
309,2013.4,14.87,759.31,5,25.0,121.5,97.13
310,2012.92,35.69,2255.13,8,24.95,121.52,110.48
311,2013.07,3.51,3303.62,4,25.01,121.49,64.04
312,2012.74,39.19,5674.92,6,24.99,121.55,112.04
313,2012.69,23.98,3213.98,3,25.0,121.49,66.47
314,2013.55,35.8,4563.23,6,24.98,121.48,50.92
315,2013.43,19.81,6441.58,0,25.0,121.51,100.82
316,2013.3,28.19,873.41,6,24.93,121.53,61.78
317,2013.04,23.06,1799.42,7,25.0,121.51,59.46
318,2012.83,32.04,2574.17,4,24.94,121.5,61.49
319,2012.81,3.58,2750.35,1,25.01,121.53,100.66
320,2012.9,2.64,2680.49,4,25.01,121.51,99.03
321,2013.17,10.82,5890.76,5,24.96,121.56,51.95
322,2013.32,6.99,4639.35,1,24.95,121.56,44.23
323,2013.27,38.18,3953.27,5,25.0,121.52,61.66
324,2012.92,9.6,2023.37,5,24.95,121.5,70.55
325,2013.54,42.74,5348.89,0,25.0,121.54,33.79
326,2013.34,14.76,6197.5,0,24.94,121.48,94.86
327,2013.17,7.98,5332.13,10,24.94,121.52,61.06
328,2013.23,34.59,33.5,9,25.01,121.5,44.31
329,2013.05,28.85,4137.49,2,24.99,121.56,19.34
330,2012.89,21.82,353.95,9,25.0,121.48,33.85
331,2012.99,24.32,1688.72,9,24.96,121.52,111.93
332,2013.36,31.5,408.19,2,24.99,121.54,41.13
333,2012.68,10.01,3926.7,3,24.98,121.52,26.16
334,2012.77,43.64,4461.94,1,24.98,121.48,58.23
335,2012.71,42.7,763.5,8,24.99,121.56,41.35
336,2012.7,28.48,2504.76,9,24.98,121.52,11.46
337,2013.45,8.74,2972.79,10,24.97,121.53,43.11
338,2013.31,29.79,2409.18,6,24.95,121.5,67.4
339,2013.1,3.16,805.77,6,25.0,121.52,68.23
340,2012.76,1.34,2731.73,5,24.95,121.51,46.79
341,2013.12,11.29,4879.48,2,24.99,121.48,56.76
342,2013.1,20.26,482.42,5,24.95,121.48,113.71
343,2012.83,38.03,541.72,7,24.98,121.55,49.07
344,2013.06,31.85,2316.85,7,24.99,121.5,35.98
345,2013.03,32.53,6111.3,10,24.95,121.49,34.36
346,2013.23,18.64,4345.46,8,24.94,121.52,57.91
347,2013.25,15.15,4410.74,0,24.94,121.54,91.07
348,2012.71,16.25,2363.06,0,24.98,121.48,30.24
349,2013.01,43.26,3861.19,2,25.0,121.53,85.55
350,2013.24,1.76,88.88,2,24.94,121.48,9.92
351,2013.13,37.98,4135.51,9,24.99,121.48,53.64
352,2013.45,25.35,5927.45,7,24.96,121.48,92.87
353,2013.27,19.21,3983.45,9,24.97,121.55,44.83
354,2012.82,31.77,5671.53,0,25.01,121.48,69.55
355,2012.73,21.32,4703.61,1,24.96,121.48,30.13
356,2013.26,38.26,802.75,1,24.97,121.51,89.15
357,2012.69,39.45,5857.42,2,24.93,121.55,13.35
358,2013.2,18.47,452.92,5,24.94,121.5,101.29
359,2013.53,12.13,3475.29,0,24.95,121.51,29.38
360,2013.19,25.94,942.25,1,24.93,121.48,103.7
361,2013.02,39.96,99.06,0,24.98,121.52,46.34
362,2013.26,9.23,2751.68,4,24.97,121.53,87.02
363,2013.09,27.29,1930.71,6,24.98,121.53,42.68
364,2013.17,27.66,3165.2,7,24.95,121.5,107.16
365,2013.53,32.11,3754.77,9,24.96,121.5,21.52
366,2013.02,5.76,306.14,0,24.99,121.48,27.22
367,2013.55,31.35,818.55,6,25.01,121.51,61.78
368,2013.5,39.82,3634.8,4,24.94,121.48,16.61
369,2012.85,7.87,2241.84,9,25.01,121.54,29.14
370,2012.73,10.4,4737.23,0,24.98,121.56,111.32
371,2012.76,42.55,4240.21,2,24.98,121.56,114.92
372,2012.68,7.93,5489.91,6,24.97,121.55,48.95
373,2012.75,37.42,4500.1,9,24.94,121.53,109.07
374,2013.29,21.56,2802.73,0,24.94,121.54,67.48
375,2012.73,10.83,4373.87,6,24.98,121.5,37.24
376,2012.96,38.14,1803.62,4,24.96,121.53,84.79
377,2013.44,19.5,2003.59,0,25.01,121.52,80.01
378,2012.69,22.55,5123.89,0,24.97,121.52,116.3
379,2013.41,15.73,2909.32,0,24.94,121.54,36.73
380,2012.93,25.97,5184.62,10,24.99,121.5,81.46
381,2012.78,7.16,5340.05,8,24.96,121.5,13.32
382,2013.31,17.13,5567.21,10,24.98,121.56,20.09
383,2013.24,42.46,5949.1,2,24.99,121.48,8.03
384,2013.47,11.31,2809.55,4,25.01,121.52,117.44
385,2013.34,28.77,2084.74,10,25.0,121.56,95.77
386,2013.4,14.24,3787.09,9,24.99,121.53,94.06
387,2012.93,33.88,2422.88,8,24.99,121.52,63.62
388,2012.83,5.73,3909.11,5,25.01,121.5,40.58
389,2013.35,42.48,4584.74,8,24.96,121.51,24.22
390,2013.41,19.88,4473.67,7,24.93,121.55,38.89
391,2013.57,10.34,2444.73,7,24.95,121.53,48.92
392,2013.04,3.22,1102.07,0,24.95,121.52,90.72
393,2013.01,7.44,2806.6,8,24.99,121.48,66.91
394,2013.38,22.77,945.2,5,24.98,121.48,16.12
395,2012.98,14.76,5777.54,8,24.98,121.56,9.58
396,2013.52,36.31,2259.36,2,24.93,121.51,18.85
397,2013.45,18.87,1021.91,2,24.99,121.53,52.71
398,2013.06,10.89,187.89,5,24.96,121.48,110.16
399,2013.35,27.03,4198.39,8,24.99,121.54,77.65
400,2013.36,30.96,4140.73,6,24.98,121.56,95.72
401,2012.76,7.32,2225.27,2,24.96,121.53,58.85
402,2013.49,7.34,486.97,2,24.94,121.49,47.35
403,2013.13,1.61,2671.49,1,24.94,121.53,19.51
404,2013.42,32.25,2035.29,8,25.0,121.54,103.87
405,2012.96,29.07,4400.72,2,25.01,121.51,93.67
406,2013.49,20.79,3939.53,10,24.99,121.55,26.08
407,2013.02,36.97,2380.35,4,24.94,121.53,63.9
408,2012.68,35.29,1431.98,8,24.97,121.56,61.16
409,2013.5,25.64,6410.68,7,24.99,121.53,76.3
410,2012.75,38.03,2958.34,1,25.0,121.49,111.59
411,2012.96,9.02,4472.83,2,24.94,121.5,71.32
412,2013.54,4.9,932.01,1,24.93,121.49,66.97
413,2013.54,11.82,3162.54,7,24.99,121.56,13.13
414,2013.19,2.5,201.4,5,24.96,121.54,14.51
415,2013.25,23.27,3290.97,5,24.95,121.54,28.19
416,2013.08,41.02,6255.41,8,24.93,121.5,11.17
417,2012.94,1.72,2507.14,7,24.98,121.49,89.29
418,2012.97,5.35,275.48,3,25.0,121.54,87.09
419,2013.28,19.81,223.5,3,25.01,121.52,22.55
420,2013.36,40.9,2531.58,8,24.98,121.49,99.49
421,2013.39,13.85,1057.89,0,24.97,121.53,24.61
422,2013.39,22.22,174.35,1,24.94,121.48,40.7
423,2012.75,1.82,4912.03,1,24.98,121.5,34.96
424,2013.12,6.5,2987.57,5,24.96,121.52,48.52
425,2012.72,43.21,1893.25,3,24.98,121.49,35.59
426,2013.17,42.27,5842.09,10,24.96,121.56,61.34
427,2013.07,0.22,774.18,9,24.95,121.49,52.37
428,2013.48,41.69,6203.05,2,24.94,121.49,116.02
429,2012.99,27.99,2053.06,2,24.96,121.49,13.75
430,2012.77,38.01,5766.59,2,24.94,121.54,23.23
431,2012.8,19.92,3921.19,5,24.95,121.51,13.41
432,2013.36,22.58,5367.75,7,25.01,121.53,76.38
433,2013.23,21.41,6384.67,10,24.97,121.48,13.59
434,2012.76,29.21,1887.82,6,24.98,121.48,99.52
435,2012.74,6.12,6236.78,3,25.0,121.52,63.86
436,2013.31,1.31,2541.24,10,25.01,121.55,65.52
437,2012.73,13.49,2515.58,3,24.98,121.56,69.32
438,2013.42,30.87,2223.86,10,25.0,121.48,26.37
439,2013.31,8.84,3523.39,9,24.96,121.52,29.33
440,2012.74,29.5,1019.87,10,24.96,121.56,42.64
441,2012.74,42.48,3602.93,10,24.97,121.51,72.83
442,2013.57,4.11,3525.31,10,24.99,121.55,30.69
443,2013.01,29.46,4948.8,1,24.99,121.49,20.38
444,2013.01,19.44,5412.63,0,24.96,121.56,114.22
445,2013.41,38.02,2870.68,8,24.94,121.54,10.02
446,2013.53,7.76,1977.86,1,24.98,121.56,95.82
447,2013.57,30.34,1699.89,7,24.94,121.54,94.21
448,2013.36,36.71,1281.56,8,24.98,121.51,40.26
449,2013.01,41.37,396.05,3,24.99,121.56,22.51
450,2012.74,29.93,2237.19,7,24.99,121.5,23.6
451,2013.38,21.78,1770.44,8,24.99,121.5,84.25
452,2013.18,27.06,6270.92,9,25.0,121.54,78.24
453,2013.06,38.06,3628.77,9,24.97,121.54,93.62
454,2013.5,24.99,2268.4,4,24.99,121.56,110.63
455,2012.77,1.33,3775.9,6,24.98,121.49,83.64
456,2013.12,40.78,923.24,9,24.95,121.55,24.73
457,2012.68,30.2,2893.97,3,24.93,121.54,34.35
458,2013.1,29.63,4071.76,0,24.96,121.48,100.16
459,2012.72,9.45,3183.93,2,24.97,121.51,30.6
460,2012.78,28.86,2620.74,4,24.98,121.5,15.57
461,2012.77,17.25,6448.25,2,25.0,121.5,84.89
462,2013.26,28.52,5714.3,10,24.95,121.56,51.84
463,2013.35,4.67,4053.48,6,24.94,121.53,108.71
464,2013.2,28.81,3704.2,8,25.01,121.54,79.06
465,2013.55,43.77,4035.73,5,24.94,121.56,17.54
466,2013.01,2.11,1324.79,9,24.97,121.51,111.77
467,2012.93,42.8,2577.81,0,24.98,121.55,36.02
468,2013.46,17.82,278.47,6,24.98,121.51,44.66
469,2012.87,38.14,3097.62,2,24.94,121.55,51.81
470,2013.55,34.27,3533.84,4,24.94,121.49,13.23
471,2012.68,24.84,1495.7,9,24.94,121.56,62.17
472,2013.56,32.34,6255.48,3,24.98,121.49,21.15
473,2012.71,38.48,5902.68,9,24.98,121.5,51.67
474,2013.48,17.7,4691.78,4,24.95,121.54,46.14
475,2013.15,14.32,3471.53,4,24.98,121.51,92.54
476,2013.58,29.24,5647.42,5,25.0,121.53,95.87
477,2012.73,35.38,868.0,9,24.94,121.51,24.46
478,2013.17,33.39,5133.74,9,24.97,121.54,47.88
479,2013.55,34.94,830.3,10,24.99,121.5,48.63
480,2013.15,19.08,5157.67,5,24.95,121.48,24.24
481,2013.24,35.82,1806.12,7,24.96,121.5,95.35
482,2013.3,5.27,5693.46,7,24.98,121.52,85.32
483,2013.08,23.85,6126.27,10,25.01,121.49,28.52
484,2013.24,0.25,985.3,8,25.0,121.51,47.9
485,2013.2,14.22,3014.41,7,24.98,121.51,19.23
486,2013.49,16.05,6365.11,10,24.99,121.48,76.64
487,2012.71,17.35,3148.44,1,24.96,121.53,20.94
488,2012.92,30.46,5605.91,9,24.99,121.56,115.95
489,2013.54,17.02,3829.32,10,24.97,121.49,93.4
490,2013.48,19.65,2449.75,0,24.95,121.53,50.49
491,2013.08,10.4,1870.87,9,24.99,121.54,71.18
492,2013.24,16.35,1337.15,1,24.98,121.51,107.76
493,2012.92,9.95,4948.13,1,24.96,121.54,68.5
494,2012.84,3.21,2522.23,2,25.01,121.51,26.78
495,2013.09,26.43,3328.59,9,24.93,121.52,49.22
496,2012.99,29.27,3206.09,6,24.96,121.47,100.26
497,2013.2,27.13,3755.28,1,24.94,121.54,78.4
498,2012.74,20.3,5619.03,0,25.0,121.53,79.11
499,2013.56,16.63,6363.51,5,24.99,121.48,102.86
500,2013.57,37.81,2658.27,8,24.96,121.51,105.85
501,2013.31,22.74,5372.99,2,24.99,121.56,108.69
502,2013.16,20.99,4965.78,5,24.96,121.51,18.02
503,2012.95,1.12,3731.04,2,24.99,121.52,67.4
504,2013.41,14.95,6203.88,0,24.97,121.56,88.98
505,2013.29,16.65,1319.38,4,24.97,121.54,90.79
506,2012.82,17.47,729.74,9,25.01,121.53,74.28
507,2013.5,25.41,5543.94,10,24.95,121.55,25.93
508,2013.42,23.37,2862.33,3,24.94,121.55,95.24
509,2013.54,26.63,5498.73,6,24.98,121.52,86.74
510,2013.33,33.5,5796.89,5,25.01,121.52,17.07
511,2013.23,35.61,427.15,9,24.96,121.51,58.57
512,2013.05,31.45,5734.66,6,24.94,121.56,26.72
513,2013.52,41.85,2921.6,4,24.96,121.54,44.69
514,2013.46,0.8,3323.14,3,24.97,121.48,9.59
515,2012.71,8.58,4074.08,6,24.95,121.55,51.6
516,2012.69,0.33,6012.11,6,24.99,121.52,68.03
517,2013.01,28.36,146.96,5,25.01,121.48,75.69
518,2013.41,39.33,3106.0,7,24.97,121.52,80.52
519,2013.57,10.66,4469.26,3,24.96,121.51,99.51
520,2012.8,40.6,4695.42,9,24.97,121.55,31.28
521,2013.21,2.64,4500.35,4,24.94,121.49,20.84
522,2013.02,40.93,892.46,3,25.01,121.55,101.18
523,2013.56,15.4,1958.87,0,24.97,121.53,24.81
524,2013.44,4.44,2342.35,7,24.96,121.48,114.73
525,2013.43,21.28,5223.78,0,24.99,121.56,100.19
526,2013.1,11.25,1825.46,4,24.97,121.52,62.65
527,2013.05,12.48,1385.51,5,24.99,121.5,115.46
528,2012.92,13.46,6212.94,5,24.94,121.52,18.3
529,2012.72,35.17,80.68,4,25.0,121.55,40.91
530,2013.46,23.62,6473.93,2,25.01,121.5,77.74
531,2013.41,13.64,4398.79,4,24.99,121.49,46.07
532,2013.58,26.73,5379.14,7,25.01,121.49,109.63
533,2013.58,31.37,1927.99,1,24.94,121.5,14.81
534,2013.18,11.94,115.93,5,24.97,121.55,67.98
535,2013.37,18.11,4793.44,8,24.98,121.52,72.54
536,2013.53,5.34,5415.83,7,24.98,121.49,79.33
537,2013.45,7.93,4810.29,10,24.97,121.49,35.7
538,2012.89,29.83,946.86,7,24.96,121.5,47.67
539,2013.08,7.95,4894.02,7,24.94,121.56,100.32
540,2012.79,23.0,4994.19,6,24.96,121.51,29.02
541,2013.54,31.06,4280.61,7,24.95,121.56,98.47
542,2013.22,4.68,4976.05,5,24.99,121.52,69.44
543,2012.88,24.85,5491.96,1,24.95,121.49,91.36
544,2013.28,11.24,3990.11,1,24.94,121.56,86.03
545,2013.23,42.18,596.18,7,24.98,121.52,30.41
546,2013.0,21.18,3175.72,10,24.98,121.54,70.11
547,2012.77,35.3,525.36,0,25.0,121.56,102.96
548,2013.28,24.1,2658.0,5,24.98,121.48,55.09
549,2013.14,1.9,2655.18,5,24.96,121.48,113.83
550,2013.37,27.73,450.11,10,25.0,121.54,57.3
551,2013.14,41.67,2278.38,3,24.98,121.5,23.29
552,2013.45,26.35,740.95,10,24.94,121.49,50.4
553,2013.17,35.88,5248.33,10,24.98,121.48,112.19
554,2013.18,38.73,6149.84,9,25.01,121.48,42.74
555,2013.47,9.99,490.88,2,24.96,121.55,103.0
556,2013.04,9.29,6197.86,10,24.96,121.49,104.45
557,2012.79,26.76,3401.65,2,24.94,121.52,46.09
558,2012.69,18.0,1959.97,0,24.94,121.53,16.75
559,2013.36,36.79,520.27,2,24.97,121.51,87.23
560,2013.24,39.42,3259.74,3,24.98,121.48,41.84
561,2013.31,15.48,5159.64,10,24.94,121.55,93.64
562,2012.86,10.37,4594.44,10,25.01,121.47,56.25
563,2012.79,34.19,348.08,4,24.99,121.54,60.93
564,2012.68,12.04,494.67,2,24.98,121.56,93.09
565,2012.99,36.03,2627.81,5,25.0,121.51,49.62
566,2013.21,18.56,1932.33,10,24.94,121.52,56.3
567,2013.03,29.24,1525.66,4,24.97,121.52,48.94
568,2013.07,4.18,1839.98,2,24.98,121.51,47.97
569,2013.5,27.33,5217.61,5,25.0,121.56,65.4
570,2012.99,19.79,6030.51,5,25.0,121.56,96.49
571,2013.14,25.69,2642.23,7,24.95,121.5,47.36
572,2013.38,7.36,5881.06,1,25.01,121.53,65.22
573,2013.03,32.28,2101.74,0,24.94,121.56,81.31
574,2013.24,37.79,3103.38,3,25.0,121.56,37.21
575,2013.46,9.49,1484.58,6,25.01,121.52,38.1
576,2013.54,4.19,4163.83,10,24.95,121.52,110.18
577,2012.8,1.04,6352.14,9,24.99,121.5,87.12
578,2013.52,28.12,3924.75,2,24.94,121.56,71.03
579,2013.12,26.59,2336.52,2,24.97,121.49,78.78
580,2012.9,23.95,4211.29,4,24.97,121.53,10.82
581,2013.09,10.16,818.02,4,24.98,121.5,75.53
582,2013.56,17.12,5768.24,9,25.01,121.5,63.6
583,2013.12,26.04,3275.64,2,24.99,121.51,67.58
584,2012.97,21.76,2928.27,8,24.97,121.57,47.1
585,2013.25,43.27,3810.79,3,25.0,121.48,16.55
586,2012.89,5.98,4062.38,2,25.01,121.53,28.85
587,2012.74,30.45,487.39,10,24.93,121.48,112.09
588,2012.79,17.71,4436.26,1,25.01,121.49,52.52
589,2012.78,18.76,1587.38,9,24.94,121.51,58.89
590,2012.81,31.43,4638.83,10,25.0,121.52,13.39
591,2012.79,30.33,5340.77,8,24.96,121.5,11.73
592,2013.25,43.42,5220.68,3,24.94,121.5,86.42
593,2012.83,5.62,3595.1,2,24.97,121.48,66.74
594,2012.98,4.56,3386.09,6,24.99,121.5,63.51
595,2013.49,31.73,947.02,7,24.96,121.56,34.32
596,2013.1,25.33,5035.72,10,24.94,121.56,89.45
597,2013.28,12.01,1777.95,1,24.98,121.5,26.09
598,2012.82,3.48,3234.34,6,25.01,121.53,28.47
599,2012.84,3.75,1861.11,4,24.96,121.56,58.23
600,2012.7,39.17,888.53,10,24.95,121.47,39.06
601,2012.82,8.4,4093.25,4,24.97,121.55,34.8
602,2012.92,14.16,374.62,2,24.94,121.56,78.51
603,2012.83,9.93,4863.1,4,25.0,121.48,79.14
604,2012.75,15.55,2076.47,1,25.0,121.49,98.21
605,2012.78,3.04,24.25,3,24.98,121.56,53.51
606,2013.09,22.73,3327.65,5,24.96,121.52,15.63
607,2012.86,2.96,326.26,0,25.0,121.48,37.68
608,2013.0,35.06,1808.72,9,24.98,121.5,115.3
609,2013.13,10.24,4593.73,3,25.0,121.52,73.13
610,2013.3,23.65,428.65,5,24.98,121.54,85.6
611,2012.7,38.55,5449.4,8,25.0,121.54,8.41
612,2013.4,28.51,48.08,10,24.98,121.57,64.55
613,2013.24,23.34,1619.01,10,24.97,121.5,11.72
614,2012.74,14.21,4813.06,1,25.01,121.52,70.16
615,2013.47,14.59,2067.96,10,24.98,121.52,108.79
616,2013.51,29.32,682.08,6,24.98,121.51,114.03
617,2012.72,43.54,2352.16,5,24.95,121.49,67.01
618,2012.92,28.99,1771.38,1,24.98,121.56,57.96
619,2013.41,24.43,5471.21,7,24.98,121.55,111.46
620,2013.35,32.0,2049.06,6,24.95,121.52,81.63
621,2012.84,20.38,5123.55,10,24.94,121.53,14.73
622,2012.86,2.63,5789.01,4,24.98,121.49,58.78
623,2013.01,24.63,2827.86,4,25.0,121.52,34.0
624,2013.11,41.94,5905.84,6,24.98,121.54,59.23
625,2013.23,7.68,2462.61,8,24.95,121.52,57.66
626,2013.0,30.22,6255.8,10,24.99,121.57,71.58
627,2013.09,8.8,600.61,8,24.94,121.53,46.81
628,2013.35,23.47,4464.71,8,24.97,121.51,25.65
629,2012.7,4.23,3215.71,5,24.95,121.55,62.96
630,2012.9,19.73,2529.39,9,24.95,121.49,98.84
631,2013.32,33.12,4113.64,5,24.95,121.51,80.57
632,2013.49,15.22,4573.56,2,24.96,121.51,44.79
633,2013.14,29.12,51.59,0,24.94,121.51,110.41
634,2013.15,34.84,1102.67,6,24.97,121.55,107.85
635,2012.77,40.61,4632.97,3,24.97,121.52,30.61
636,2013.08,10.28,4331.32,0,24.97,121.55,11.93
637,2013.15,17.49,6268.53,7,24.96,121.53,89.07
638,2012.89,6.68,4943.22,5,25.0,121.51,98.55
639,2012.91,43.47,6169.78,5,24.94,121.55,113.97
640,2013.01,40.6,4565.05,1,24.97,121.5,105.39
641,2012.69,23.65,1950.18,0,24.94,121.49,73.6
642,2012.96,36.88,704.53,1,24.94,121.52,65.85
643,2012.86,22.82,5077.59,3,24.98,121.5,10.66
644,2012.97,27.31,4187.57,1,24.98,121.47,34.71
645,2012.78,3.9,334.89,0,25.0,121.53,58.11
646,2013.48,33.08,2350.98,6,24.98,121.52,76.67
647,2013.21,5.59,6208.75,10,25.01,121.51,68.84
648,2013.29,36.18,3258.3,10,24.94,121.56,89.22
649,2013.39,34.25,2820.82,7,24.94,121.53,38.35
650,2013.12,31.04,2982.25,5,24.94,121.55,69.69
651,2012.75,1.58,1373.73,3,24.95,121.49,17.29
652,2013.16,13.28,2406.94,5,24.98,121.53,53.06
653,2013.2,11.52,2414.09,2,24.99,121.55,90.04
654,2013.35,15.77,361.84,7,24.94,121.53,83.8
655,2013.06,3.84,4985.43,9,25.01,121.54,116.47
656,2012.78,41.04,2715.93,1,25.0,121.51,38.14
657,2012.93,24.26,5338.48,4,24.96,121.48,62.35
658,2013.0,13.38,5520.58,0,24.94,121.52,43.82
659,2013.26,17.39,1393.85,5,24.95,121.51,56.02
660,2013.19,19.59,4272.94,1,24.94,121.55,101.78
661,2012.99,26.31,3076.51,3,24.94,121.5,82.79
662,2013.57,22.59,5713.28,5,24.98,121.56,104.58
663,2013.22,40.27,1418.07,9,24.95,121.56,29.97
664,2012.88,21.77,4405.2,10,24.96,121.5,103.58
665,2012.76,43.46,3952.28,7,25.01,121.51,14.17
666,2012.81,37.29,1932.4,7,24.99,121.56,105.26
667,2012.89,9.13,906.46,10,25.01,121.56,43.77
668,2012.81,40.76,4236.0,5,24.94,121.51,42.17
669,2012.84,5.1,4798.15,3,24.96,121.5,63.88
670,2012.93,35.8,2063.8,7,24.98,121.52,110.98
671,2012.83,16.67,4191.99,7,24.94,121.54,12.85
672,2013.49,38.46,2577.76,9,24.93,121.5,46.31
673,2012.74,38.02,4634.01,0,24.99,121.54,101.74
674,2013.15,35.3,1311.24,3,24.99,121.48,51.13
675,2013.04,34.6,5778.3,3,24.97,121.48,29.49
676,2013.57,13.34,1881.38,6,24.97,121.51,54.28
677,2012.77,3.54,2400.99,10,24.97,121.51,49.97
678,2013.03,17.65,398.93,6,24.93,121.5,108.2
679,2013.56,7.6,744.27,10,24.96,121.52,91.34
680,2013.46,30.44,3358.24,7,24.95,121.5,63.11
681,2013.42,15.16,1753.27,10,24.94,121.49,116.22
682,2012.9,42.73,5424.46,4,25.01,121.5,58.73
683,2012.82,28.07,118.37,6,24.98,121.56,14.0
684,2013.28,36.02,2474.09,7,24.99,121.51,36.42
685,2013.52,5.8,2204.2,8,24.96,121.51,55.52
686,2013.18,37.76,148.33,2,24.96,121.53,24.84
687,2013.19,40.42,827.38,2,24.95,121.56,111.74
688,2012.92,21.33,2697.43,3,24.94,121.5,91.88
689,2013.37,26.55,3209.57,4,24.95,121.54,37.08
690,2012.84,33.5,2636.97,9,25.0,121.54,72.53
691,2012.96,7.66,3455.7,0,24.99,121.53,86.89
692,2013.06,22.01,3870.69,6,24.98,121.48,111.05
693,2013.13,17.46,87.54,8,24.97,121.54,104.49
694,2012.89,6.41,3023.59,7,25.01,121.48,64.22
695,2012.77,16.1,6252.06,4,24.94,121.53,92.73
696,2013.23,2.99,3378.74,3,24.96,121.54,69.38
697,2012.93,1.13,4403.45,6,24.96,121.49,68.34
698,2013.2,5.92,2039.47,4,25.0,121.55,20.21
699,2012.81,42.18,5026.96,6,25.01,121.48,21.46
700,2013.11,24.07,5020.04,0,24.95,121.55,65.8
701,2013.15,42.3,3393.37,0,25.0,121.52,37.15
702,2012.71,18.94,6332.96,9,25.0,121.49,9.91
703,2012.98,13.66,835.02,2,24.95,121.49,87.04
704,2012.79,22.17,132.94,10,24.97,121.56,11.17
705,2012.73,19.25,5002.18,1,24.97,121.48,73.02
706,2013.57,4.63,5241.35,1,25.01,121.49,66.86
707,2012.96,28.07,800.48,6,24.95,121.51,114.07
708,2013.41,9.46,1740.28,9,25.0,121.53,60.82
709,2012.9,27.14,136.85,1,24.96,121.52,14.59
710,2013.29,28.48,1919.52,10,24.99,121.49,68.23
711,2013.36,6.66,5021.47,3,24.97,121.5,100.04
712,2013.21,2.69,3371.81,1,24.98,121.5,117.15
713,2013.1,34.2,2273.69,5,25.0,121.49,54.89
714,2013.04,20.14,2426.54,7,25.0,121.51,42.8
715,2012.99,2.55,32.13,9,25.0,121.54,107.24
716,2013.52,43.58,1961.48,3,24.94,121.49,28.62
717,2013.43,2.53,4202.5,4,24.99,121.51,75.24
718,2013.55,30.44,6321.2,3,24.94,121.51,52.19
719,2012.78,43.09,5499.32,2,24.97,121.56,12.11
720,2013.34,10.48,175.92,4,24.98,121.56,45.77
721,2013.53,6.23,5832.25,8,24.97,121.55,36.75
722,2012.83,5.32,5086.48,7,24.98,121.5,83.0
723,2012.73,13.28,5068.23,7,25.01,121.48,111.87
724,2013.35,4.43,2984.16,7,24.94,121.5,37.06
725,2013.19,30.32,2596.34,7,24.99,121.5,96.78
726,2013.44,2.73,1981.62,6,24.96,121.52,13.68
727,2012.8,22.31,448.08,7,24.94,121.55,66.74
728,2013.4,43.66,1498.84,10,24.95,121.55,15.35
729,2012.85,35.65,1617.59,7,25.01,121.55,110.25
730,2012.82,26.95,3152.77,7,25.01,121.51,91.82
731,2012.82,13.41,4855.34,9,25.01,121.54,79.91
732,2013.41,27.33,3086.39,6,25.01,121.5,98.15
733,2013.28,23.08,397.33,0,24.95,121.48,78.76
734,2013.15,18.66,6215.15,3,24.96,121.54,114.09
735,2013.0,5.73,6117.75,3,24.99,121.47,86.06
736,2013.47,38.83,5099.35,4,24.97,121.51,109.22
737,2013.03,19.7,6431.96,9,24.97,121.5,64.43
738,2013.42,8.52,3543.26,5,24.96,121.54,20.47
739,2013.07,16.11,6247.33,3,24.98,121.54,65.65
740,2013.01,18.14,512.14,1,24.98,121.5,21.54
741,2013.09,36.25,2387.38,5,24.95,121.55,72.72
742,2012.94,32.13,1480.39,7,24.97,121.5,60.63
743,2013.35,33.7,1289.37,7,24.98,121.52,76.02
744,2013.13,0.48,933.62,6,24.98,121.54,8.7
745,2012.88,18.23,4047.06,5,24.95,121.54,29.01
746,2013.49,21.08,5074.35,1,24.99,121.56,61.6
747,2013.02,0.84,3761.87,6,24.93,121.49,112.06
748,2013.16,11.38,973.44,10,24.96,121.53,49.76
749,2013.5,33.3,5267.0,4,25.0,121.53,54.24
750,2013.24,6.01,4134.6,5,24.98,121.56,86.15
751,2012.77,23.45,2532.73,9,24.95,121.49,73.96
752,2013.53,9.43,4381.39,7,24.99,121.54,40.45
753,2013.24,0.53,1703.57,7,24.98,121.53,52.75
754,2012.97,10.56,2254.93,2,25.0,121.5,31.53
755,2012.79,42.74,5954.6,6,24.99,121.52,113.77
756,2013.39,35.11,1901.39,0,24.98,121.5,21.96
757,2013.23,42.03,3061.69,0,24.97,121.53,48.46
758,2013.16,21.37,5777.82,6,24.94,121.56,10.44
759,2013.49,4.81,4598.55,9,24.95,121.53,31.97
760,2013.39,24.0,425.5,8,24.97,121.53,93.37
761,2012.81,19.9,975.64,6,24.98,121.52,29.71
762,2012.95,36.98,74.08,9,24.97,121.48,16.4
763,2012.89,4.3,4102.06,4,24.96,121.5,59.74
764,2013.35,21.38,2917.43,7,24.93,121.52,8.7
765,2012.7,6.57,891.42,1,24.97,121.5,16.92
766,2013.19,14.22,6216.08,8,24.96,121.49,96.36
767,2013.37,32.3,3447.44,5,24.99,121.52,92.38
768,2013.47,20.85,1587.14,8,24.93,121.5,108.17
769,2012.98,16.46,3259.6,1,24.98,121.5,101.51
770,2013.42,17.28,4416.88,2,25.01,121.52,82.68
771,2012.77,20.12,516.24,7,24.95,121.49,13.35
772,2013.44,34.38,1799.24,0,24.97,121.56,93.64
773,2012.78,39.07,5240.12,9,24.94,121.55,100.52
774,2013.03,41.84,2994.95,6,24.98,121.54,95.42
775,2013.4,34.47,3556.81,6,24.98,121.48,63.48
776,2012.8,13.81,2821.38,0,24.97,121.55,33.2
777,2012.88,30.14,307.18,8,24.98,121.55,100.5
778,2013.33,19.17,1094.9,7,25.01,121.54,87.52
779,2013.33,11.15,2903.65,3,24.95,121.48,115.39
780,2013.25,36.83,1375.69,9,24.93,121.53,24.71
781,2013.3,1.68,346.48,10,25.0,121.55,32.4
782,2013.16,39.5,5477.27,4,24.98,121.53,30.88
783,2012.9,20.21,6366.44,1,25.01,121.53,94.7
784,2012.98,27.91,5150.76,8,24.98,121.52,28.14
785,2012.83,28.88,5542.79,5,25.0,121.52,14.93
786,2013.5,39.21,1587.68,2,24.97,121.48,117.34
787,2013.2,27.89,6233.49,6,24.99,121.53,10.33
788,2013.03,26.89,1296.44,8,25.01,121.48,99.39
789,2013.09,2.92,6174.03,2,24.98,121.51,47.75
790,2013.53,22.71,6454.53,1,24.95,121.5,100.09
791,2012.81,6.58,4624.41,6,24.95,121.52,68.55
792,2013.2,32.3,6366.12,6,24.95,121.49,106.69
793,2013.13,22.44,3705.25,3,24.95,121.54,109.39
794,2013.23,29.79,1701.23,10,24.96,121.55,8.6
795,2012.68,1.83,2848.4,8,24.98,121.49,15.89
796,2013.47,3.71,3860.54,7,24.98,121.48,35.11
797,2013.52,31.37,495.83,0,24.97,121.49,81.16
798,2013.18,3.16,4046.61,0,24.98,121.55,105.22
799,2013.31,3.12,6366.34,4,24.94,121.52,58.15
800,2013.51,0.53,1252.36,5,24.94,121.52,74.31
801,2013.31,41.89,5147.22,2,24.95,121.48,28.32
802,2012.81,32.3,5892.62,8,24.98,121.53,96.07
803,2013.19,15.47,6124.07,9,24.95,121.55,113.91
804,2013.22,12.99,6230.31,5,24.96,121.55,37.12
805,2013.06,15.32,3394.43,3,24.97,121.53,61.98
806,2013.34,33.93,6341.32,6,25.0,121.48,17.06
807,2013.52,28.97,4919.12,7,24.93,121.48,69.05
808,2013.51,8.11,1068.53,8,24.99,121.48,62.86
809,2013.08,7.63,3106.37,10,24.99,121.5,23.47
810,2012.77,4.31,4667.13,5,25.0,121.49,56.18
811,2013.57,28.92,1622.35,5,25.01,121.5,44.32
812,2013.44,33.48,4164.73,7,24.93,121.51,64.95
813,2012.78,11.61,4332.71,4,24.94,121.56,71.96
814,2013.51,0.92,1075.18,2,25.01,121.53,8.53
815,2013.46,3.6,3676.45,2,24.97,121.55,91.23
816,2013.14,42.39,5011.67,5,24.98,121.54,85.96
817,2013.21,12.94,3248.56,1,24.99,121.48,47.85
818,2013.03,33.69,101.63,5,24.99,121.54,13.42
819,2012.72,27.36,81.81,5,25.01,121.5,90.57
820,2012.97,16.73,2331.45,7,25.01,121.53,112.57
821,2013.4,9.01,6010.89,6,24.99,121.51,33.99
822,2012.67,5.32,1501.7,7,24.96,121.57,43.16
823,2012.97,26.94,4124.31,8,25.01,121.5,27.8
824,2013.03,33.93,1459.02,5,24.94,121.5,71.01
825,2013.16,28.2,2102.86,2,24.95,121.56,24.62
826,2013.51,23.23,5505.67,9,25.01,121.48,46.75
827,2012.98,1.84,4735.21,2,24.95,121.54,84.2
828,2012.98,42.42,640.1,10,24.95,121.54,69.16
829,2013.34,34.98,2794.79,0,24.94,121.55,50.07
830,2013.08,12.83,211.95,10,25.0,121.56,53.79
831,2012.87,42.92,3132.16,4,24.97,121.56,69.38
832,2013.08,26.36,4305.78,3,24.99,121.48,8.24
833,2012.8,25.51,789.46,8,24.95,121.55,16.23
834,2012.83,32.77,1890.92,8,24.99,121.53,104.45
835,2013.12,35.56,2595.25,4,25.0,121.53,16.16
836,2013.05,28.75,5967.82,9,24.96,121.49,85.28
837,2013.5,5.61,6444.42,3,24.97,121.53,108.71
838,2013.0,14.82,313.72,6,24.95,121.56,37.35
839,2013.2,40.65,4943.02,5,25.01,121.56,48.32
840,2013.25,9.84,2426.44,3,24.99,121.51,70.12
841,2012.68,16.3,2560.48,9,25.01,121.48,104.5
842,2013.27,18.92,4899.43,1,24.96,121.51,111.12
843,2012.83,19.25,5960.68,0,25.0,121.55,88.88
844,2013.55,26.85,6170.79,3,25.0,121.54,17.12
845,2012.8,41.31,3754.27,3,24.99,121.52,81.14
846,2013.05,10.54,2332.04,0,25.01,121.48,52.69
847,2012.75,5.32,5114.6,5,24.96,121.51,59.33
848,2013.58,8.65,1646.02,3,24.94,121.52,13.0
849,2013.13,38.85,3669.92,0,24.99,121.56,28.6
850,2013.21,28.29,2341.46,0,24.99,121.53,94.48
851,2012.73,12.52,4268.27,0,24.98,121.5,57.49
852,2013.35,35.74,1577.47,7,24.95,121.52,40.75
853,2012.86,37.73,1261.96,9,24.97,121.48,49.8
854,2013.49,37.08,5959.47,7,24.96,121.56,101.5
855,2012.85,40.25,681.51,1,24.97,121.51,89.91
856,2012.84,11.05,3294.22,10,24.99,121.52,37.53
857,2012.7,33.07,1451.12,6,24.99,121.51,20.51
858,2013.1,20.17,275.05,7,24.95,121.54,35.29
859,2013.18,36.88,256.23,7,24.97,121.53,108.79
860,2012.73,31.91,1156.13,10,24.95,121.54,71.52
861,2013.38,34.01,5626.74,9,24.95,121.5,66.23
862,2013.08,28.74,1849.51,10,25.0,121.5,73.14
863,2013.15,7.77,6167.76,6,25.01,121.49,47.83
864,2013.07,23.87,3783.36,4,24.96,121.53,96.3
865,2013.03,43.13,2845.94,0,24.99,121.48,65.11
866,2013.18,41.06,3773.45,8,25.01,121.53,20.43
867,2012.81,1.89,3363.65,6,25.0,121.55,21.78
868,2012.83,7.22,4928.6,1,24.95,121.56,66.6
869,2013.46,5.77,1849.62,5,25.01,121.52,110.53
870,2013.53,31.8,2305.73,1,24.96,121.52,41.49
871,2013.01,35.82,5803.38,0,24.96,121.48,103.16
872,2012.92,9.35,6141.88,6,24.94,121.54,91.57
873,2013.26,22.16,5793.45,1,24.97,121.55,34.83
874,2013.04,36.82,2734.96,1,24.94,121.5,11.59
875,2012.69,32.1,5068.16,10,24.95,121.51,18.79
876,2012.81,23.75,3102.72,4,24.96,121.55,87.66
877,2013.32,25.86,3239.8,4,25.0,121.55,29.54
878,2013.27,22.27,1346.57,6,25.0,121.5,48.4
879,2012.69,13.03,3844.83,0,24.96,121.52,62.74
880,2012.87,24.75,1226.68,7,25.0,121.49,87.33
881,2012.88,30.17,2166.83,2,25.0,121.48,20.04
882,2013.28,38.25,5550.84,3,25.0,121.56,52.26
883,2012.69,27.87,1362.05,8,24.94,121.55,60.91
884,2012.76,33.34,483.4,3,24.99,121.54,67.04
885,2013.4,7.01,469.49,9,25.01,121.48,97.54
886,2012.83,20.22,6105.21,4,24.99,121.55,26.47
887,2013.26,0.41,3300.44,6,24.96,121.51,96.38
888,2012.89,10.8,2670.08,3,24.97,121.51,83.75
889,2012.76,31.82,5265.42,0,24.99,121.52,68.69
890,2012.89,43.44,5426.7,8,24.97,121.48,84.48
891,2013.33,4.34,2170.88,3,24.94,121.54,52.88
892,2013.45,17.59,4507.37,8,24.96,121.53,22.81
893,2013.43,35.04,5008.41,5,25.0,121.49,80.77
894,2013.03,8.94,4255.46,0,25.0,121.49,65.26
895,2013.28,24.31,1003.39,2,24.94,121.49,77.87
896,2012.85,32.11,5685.65,10,25.01,121.48,44.75
897,2012.94,26.98,3508.43,1,24.96,121.53,107.26
898,2013.49,8.24,1849.46,8,24.99,121.55,72.15
899,2012.68,15.57,2772.33,0,24.99,121.48,16.99
900,2012.75,34.33,266.27,8,25.0,121.48,57.03
901,2012.86,24.28,850.0,8,25.01,121.53,90.72
902,2012.69,0.23,4972.37,7,24.96,121.55,94.88
903,2012.83,33.33,23.46,7,25.0,121.5,61.96
904,2013.2,1.55,2716.33,10,24.94,121.51,105.93
905,2013.05,32.66,3401.22,0,24.99,121.53,37.02
906,2013.48,8.87,376.57,10,24.99,121.5,52.72
907,2013.42,41.96,6313.98,7,24.99,121.48,106.36
908,2012.98,16.12,1485.2,9,24.95,121.54,106.1
909,2012.9,14.32,1989.92,2,25.0,121.53,82.96
910,2013.01,6.52,1988.26,10,24.95,121.53,102.0
911,2013.21,13.39,1512.94,6,24.94,121.54,17.36
912,2012.91,38.4,32.91,10,24.99,121.54,102.66
913,2013.24,43.64,4738.33,0,24.97,121.49,42.84
914,2013.04,16.13,6273.69,0,25.0,121.51,27.2
915,2013.17,19.65,1473.36,9,24.96,121.49,33.91
916,2013.07,31.63,4309.74,4,24.95,121.49,53.53
917,2012.94,38.82,4819.47,4,25.0,121.54,35.21
918,2013.54,25.98,5508.15,7,24.98,121.55,42.83
919,2013.37,17.15,2755.53,6,24.95,121.56,22.43
920,2012.8,18.07,1981.72,7,24.99,121.53,40.15
921,2013.46,30.47,2126.3,5,24.97,121.49,70.49
922,2013.11,0.14,4630.22,5,24.98,121.48,56.16
923,2013.49,27.14,5303.57,1,24.97,121.55,45.7
924,2013.4,15.57,1197.45,5,25.0,121.53,89.64
925,2013.06,34.79,2421.38,4,25.0,121.53,105.8
926,2012.69,4.07,5854.1,2,24.99,121.55,90.77
927,2012.91,25.76,5238.36,5,24.94,121.54,44.09
928,2013.16,21.07,6390.14,7,25.0,121.55,89.41
929,2013.25,28.13,4899.32,8,24.99,121.48,24.3
930,2012.9,2.84,2565.25,0,24.99,121.54,21.92
931,2012.79,25.4,3841.64,2,24.96,121.55,45.58
932,2013.43,24.59,4296.6,2,25.0,121.5,96.37
933,2013.57,24.56,530.57,10,24.99,121.53,34.67
934,2013.15,26.43,3543.36,7,24.94,121.5,14.55
935,2012.82,29.63,4608.89,0,24.97,121.56,22.07
936,2012.92,35.26,1105.05,4,25.01,121.48,101.98
937,2012.68,11.82,5069.88,2,24.94,121.53,77.25
938,2013.5,36.14,3797.26,1,25.01,121.49,35.43
939,2012.77,21.82,6179.15,7,24.99,121.54,68.63
940,2013.2,3.38,297.63,2,24.98,121.49,65.58
941,2012.92,2.56,1738.62,6,24.95,121.5,79.63
942,2013.17,14.64,3912.21,10,24.95,121.52,33.23
943,2013.26,34.38,1940.54,0,25.01,121.56,102.6
944,2013.43,31.0,4641.88,5,24.96,121.49,41.6
945,2012.86,34.54,4930.08,2,25.0,121.49,83.89
946,2012.68,22.66,686.11,7,24.96,121.54,9.37
947,2012.79,19.28,3345.27,5,24.94,121.52,48.56
948,2013.49,6.46,3313.18,1,24.93,121.56,46.25
949,2013.47,14.37,2410.65,5,24.98,121.49,67.33
950,2013.21,19.01,6054.4,6,25.01,121.53,15.59
951,2013.22,3.88,5372.91,4,24.96,121.5,94.44
952,2013.28,9.66,4530.59,2,24.96,121.49,31.53
953,2012.83,26.2,4641.25,3,24.96,121.54,82.01
954,2013.5,32.22,3008.21,3,24.98,121.53,95.87
955,2013.05,43.73,5977.28,5,24.97,121.54,69.35
956,2013.02,40.87,4513.69,9,25.01,121.5,89.02
957,2013.14,28.14,4735.98,0,24.97,121.52,80.34
958,2012.71,18.45,5593.9,10,24.97,121.51,46.67
959,2012.82,27.86,1795.16,3,24.94,121.56,96.49
960,2013.34,34.41,5240.8,9,25.01,121.5,39.99
961,2012.74,5.18,1285.54,3,24.95,121.5,70.38
962,2013.22,17.95,2255.89,9,24.94,121.51,89.52
963,2012.89,36.78,2192.98,0,24.99,121.53,49.25
964,2013.02,16.81,6349.2,8,24.98,121.5,40.87
965,2012.93,25.05,5560.59,3,24.97,121.56,58.08
966,2012.99,25.74,4556.19,6,24.97,121.5,97.49
967,2013.33,8.08,4723.54,2,25.0,121.56,109.8
968,2012.94,15.87,3656.98,9,24.95,121.48,67.5
969,2013.19,14.65,6145.98,2,25.0,121.53,80.3
970,2013.1,1.15,3231.52,7,24.99,121.56,106.87
971,2013.27,1.06,2483.29,7,24.97,121.49,18.43
972,2013.53,36.43,1077.35,10,24.97,121.56,33.11
973,2013.34,11.96,5105.92,0,24.95,121.52,85.51
974,2012.86,22.69,4771.3,9,24.99,121.56,98.13
975,2012.7,13.08,2508.1,1,24.97,121.54,101.79
976,2012.91,41.2,186.25,7,24.96,121.5,53.22
977,2013.21,11.36,5447.2,0,24.98,121.49,17.42
978,2012.71,18.82,97.2,7,25.01,121.5,55.71
979,2013.12,38.23,4572.55,7,24.97,121.48,32.96
980,2013.21,36.88,6295.74,1,25.01,121.49,39.6
981,2012.97,8.15,2852.71,3,24.96,121.48,92.47
982,2013.37,35.16,1542.4,5,24.94,121.51,15.9
983,2012.76,20.07,4580.12,10,24.95,121.55,98.55
984,2012.74,21.15,5305.82,8,24.97,121.49,54.6
985,2013.33,5.85,3555.86,7,24.95,121.49,73.11
986,2013.12,3.53,6274.92,7,24.93,121.53,17.45
987,2013.3,31.88,357.4,6,25.01,121.49,44.68
988,2013.07,21.74,3286.7,8,25.0,121.48,17.46
989,2012.89,19.13,4667.93,1,24.99,121.49,113.27
990,2013.42,31.95,5600.04,2,24.95,121.56,96.32
991,2013.4,33.53,1182.21,9,24.94,121.55,58.11
992,2013.3,6.96,5195.12,7,24.94,121.51,32.17
993,2012.92,26.73,3596.43,5,24.99,121.53,110.19
994,2013.21,5.93,2586.96,9,25.01,121.52,45.47
995,2013.0,32.91,874.87,8,24.97,121.54,25.29
996,2012.75,28.77,5617.21,9,24.94,121.54,69.49
997,2013.51,41.9,1040.1,3,24.97,121.53,111.32
998,2012.79,3.02,2026.05,7,24.96,121.5,8.02
999,2013.54,2.5,1898.42,9,24.96,121.48,33.77
1000,2013.08,12.36,5656.76,2,24.98,121.52,110.74
